{
    "test_loss": 5.975327014923096,
    "test_acc": 0.6917670965194702
}
