step	accuracy
0	0.02556976117193699
1	0.026125624775886536
2	0.025013895705342293
3	0.025013895705342293
4	0.026125624775886536
5	0.02723735384643078
6	0.02668149024248123
7	0.02723735384643078
8	0.02668149024248123
9	0.02723735384643078
10	0.02723735384643078
11	0.02723735384643078
12	0.02723735384643078
13	0.02723735384643078
14	0.02723735384643078
