step	accuracy
0	0.024458032101392746
1	0.026125624775886536
2	0.026125624775886536
3	0.02668149024248123
4	0.02668149024248123
5	0.026125624775886536
6	0.02556976117193699
7	0.02723735384643078
8	0.02668149024248123
9	0.02668149024248123
10	0.026125624775886536
11	0.02723735384643078
12	0.02723735384643078
13	0.02723735384643078
14	0.02723735384643078
