step	loss
0	16.553714752197266
1	17.90131378173828
2	16.994630813598633
3	17.756864547729492
4	17.151891708374023
5	17.697914123535156
6	18.514066696166992
7	17.906818389892578
8	18.074573516845703
9	19.39359474182129
10	18.96117401123047
11	18.821992874145508
12	18.564102172851562
13	19.81156349182129
14	19.007062911987305
