step	loss
0	16.23999786376953
1	20.91136360168457
2	19.897308349609375
3	19.142597198486328
4	18.0429744720459
5	19.88509178161621
6	20.00600242614746
7	20.48359489440918
8	20.672748565673828
9	20.933969497680664
10	21.697786331176758
11	21.775365829467773
12	22.877450942993164
13	22.34808349609375
14	22.102304458618164
