step	accuracy
0	0.5325232148170471
1	0.8301167488098145
2	0.9080295562744141
3	0.9363831281661987
4	0.9459137320518494
5	0.9549678564071655
6	0.9597331285476685
7	0.9652132391929626
8	0.9654515385627747
9	0.9711698889732361
10	0.9721229672431946
11	0.9749821424484253
12	0.977841317653656
13	0.9790326356887817
14	0.981177031993866
