step	loss
0	1.440293550491333
1	0.44428953528404236
2	0.2446761429309845
3	0.1739756315946579
4	0.14333418011665344
5	0.11239644140005112
6	0.1011548712849617
7	0.08563405275344849
8	0.07646792382001877
9	0.06964541226625443
10	0.06662961840629578
11	0.05891101434826851
12	0.05324595421552658
13	0.05312187969684601
14	0.05278409272432327
